{"rmse": 3.8507713572920763, "mean": 3.517492639117741, "median": 3.7014559754321663, "std": 1.5670627236628303, "min": 0.4171335127318025, "max": 6.4504528062347335, "sse": 67335.94624952656}