{"rmse": 0.04528660739013379, "mean": 0.03924706633547594, "median": 0.03478053785841869, "std": 0.02259523385510473, "min": 0.00553152556494805, "max": 0.18340052300709497, "sse": 2.2559644897989326}