{"rmse": 0.09092339589783072, "mean": 0.026934573238788267, "median": 0.02167701227982386, "std": 0.08684234385389426, "min": 0.0009870068246464927, "max": 4.059429728489714, "sse": 37.532470204035214}