{"rmse": 0.11456397513932218, "mean": 0.05901554288634989, "median": 0.041762997768761065, "std": 0.09819404308588495, "min": 0.001173132572937172, "max": 2.18707751047347, "sse": 59.58706597474347}