{"rmse": 0.06169097841965949, "mean": 0.04537197158937029, "median": 0.03811303831650967, "std": 0.04179905516238696, "min": 0.0034289099238466675, "max": 0.6915315647267168, "sse": 4.186354500212382}