{"rmse": 9.92501685980199, "mean": 9.567007521151183, "median": 9.09016489423158, "std": 2.6416522779484906, "min": 5.4590956398560415, "max": 16.1341645460769, "sse": 108455.0615937565}